{"accuracy": 0.95, "_timestamp": 1714422862.7875447, "_runtime": 34.28942561149597, "_step": 0, "_wandb": {"runtime": 37}}