{"loss": 0.028509197756648064, "accuracy": 0.991, "_timestamp": 1714423754.8476274, "_runtime": 35.6676344871521, "_step": 99, "_wandb": {"runtime": 37}}